{
    "areaId": "Whirling-int-f2",
    "partyState": {
        "isKimInParty": false,
        "isKimLeftOutside": false,
        "isKimAbandoned": true,
        "isKimAwayUpToMorning": false,
        "isKimSleepingInHisRoom": false,
        "isCunoInParty": false,
        "isCunoLeftOutside": false,
        "isCunoAbandoned": true,
        "isKimSayingGoodMorning": true,
        "sleepLocation": 0,
        "waitLocation": 0,
        "cunoWaitLocation": 0,
        "timeSinceKimWentSleepingInHisRoom": 1391,
        "kimLastArrivalLocation": 0,
        "cunoLastArrivalLocation": 0,
        "hasHangover": false
    },
    "fowUnrevealersStatusCache": {
        "fog-whirling-klaasje-main": "UNSEEN",
        "fog-whirling-kitsuragi": "UNSEEN",
        "fog-whirling-klaasje-bathroom": "UNSEEN",
        "fog-main": "ACTIVE",
        "fog-whirling-backstage": "UNSEEN",
        "fog-whirling-union": "UNSEEN",
        "fog-whirling-kitchen": "ACTIVE",
        "fog-doomed-f1_curtains": "ACTIVE",
        "fow_capeside-apps_bathroom": "ACTIVE",
        "fow_capeside-apps_destroyed": "ACTIVE",
        "fow_capeside-apps_empty": "UNSEEN",
        "fow_capeside-apps_hobo": "ACTIVE",
        "fow_capeside-apps_mazov": "ACTIVE",
        "fow_capeside-apps_cunos": "UNSEEN"
    }
}